<?xml version="1.0" encoding="UTF-8"?>
<!DOCTYPE mapper PUBLIC "-//mybatis.org//DTD Mapper 3.0//EN" "http://mybatis.org/dtd/mybatis-3-mapper.dtd">
<mapper namespace="LectureMapper">
    
    <!-- 강의 목록 조회 -->
    <select id="getAllLectures" resultType="com.mySpring.myapp.vo.LectureVO">
        SELECT id, title, description, instructor, created_date
        FROM lectures
        ORDER BY created_date DESC;
    </select>

    <!-- 특정 강의 조회 -->
    <select id="getLectureById" parameterType="int" resultType="com.mySpring.myapp.vo.LectureVO">
        SELECT id, title, description, instructor, created_date
        FROM lectures
        WHERE id = #{id};
    </select>

    <!-- 강의 추가 -->
    <insert id="addLecture" parameterType="com.mySpring.myapp.vo.LectureVO">
        INSERT INTO lectures (title, description, instructor, created_date)
        VALUES (#{title}, #{description}, #{instructor}, NOW());
    </insert>

    <!-- 강의 수정 -->
    <update id="updateLecture" parameterType="com.mySpring.myapp.vo.LectureVO">
        UPDATE lectures
        SET title = #{title}, 
            description = #{description}, 
            instructor = #{instructor}
        WHERE id = #{id};
    </update>

    <!-- 강의 삭제 -->
    <delete id="deleteLecture" parameterType="int">
        DELETE FROM lectures
        WHERE id = #{id};
    </delete>

</mapper>
